Feature Category,Feature
COMFORT AND CONVENIENCE,Power Steering
COMFORT AND CONVENIENCE,Power Windows-Front
COMFORT AND CONVENIENCE,Power Windows-Rear
COMFORT AND CONVENIENCE,Power Boot
COMFORT AND CONVENIENCE,Power folding 3rd Row Seat
COMFORT AND CONVENIENCE,Air Conditioner
COMFORT AND CONVENIENCE,Heater
COMFORT AND CONVENIENCE,Adjustable Steering
COMFORT AND CONVENIENCE,Automatic Climate Control
COMFORT AND CONVENIENCE,Air Quality Control
COMFORT AND CONVENIENCE,Remote Climate Control (A/C)
COMFORT AND CONVENIENCE,Remote Trunk Opener
COMFORT AND CONVENIENCE,Remote Fuel Lid Opener
COMFORT AND CONVENIENCE,Remote Engine Start/Stop
COMFORT AND CONVENIENCE,Low Fuel Warning Light
COMFORT AND CONVENIENCE,Accessory Power Outlet
COMFORT AND CONVENIENCE,Trunk Light
COMFORT AND CONVENIENCE,Remote Horn & Light Control
COMFORT AND CONVENIENCE,Vanity Mirror in sunvisor
COMFORT AND CONVENIENCE,Rear Reading Lamp
COMFORT AND CONVENIENCE,Rear Seat Headrest
COMFORT AND CONVENIENCE,Adjustable Headrest
COMFORT AND CONVENIENCE,Rear Seat Centre Arm Rest
COMFORT AND CONVENIENCE,Height Adjustable Front Seat Belts
COMFORT AND CONVENIENCE,Cup Holders-Front
COMFORT AND CONVENIENCE,Cup Holders-Rear
COMFORT AND CONVENIENCE,Rear AC Vents
COMFORT AND CONVENIENCE,Heated Seats Front
COMFORT AND CONVENIENCE,Heated Seats - Rear
COMFORT AND CONVENIENCE,Seat Lumbar Support
COMFORT AND CONVENIENCE,Active noise cancellation
COMFORT AND CONVENIENCE,Multifunction Steering Wheel
COMFORT AND CONVENIENCE,Cruise Control
COMFORT AND CONVENIENCE,Parking Sensors-Front
COMFORT AND CONVENIENCE,Parking Sensors-Rear
COMFORT AND CONVENIENCE,Navigation System
COMFORT AND CONVENIENCE,Find My Car location
COMFORT AND CONVENIENCE,Real-Time Vehicle Tracking
COMFORT AND CONVENIENCE,Foldable Rear Seat-60:40 Split
COMFORT AND CONVENIENCE,Foldable Rear Seat-Bench Folding
COMFORT AND CONVENIENCE,Drive Mode
COMFORT AND CONVENIENCE,Smart Access Card Entry
COMFORT AND CONVENIENCE,Smart Key Band
COMFORT AND CONVENIENCE,KeyLess Entry
COMFORT AND CONVENIENCE,Engine Start/Stop Button
COMFORT AND CONVENIENCE,Glove Box Cooling
COMFORT AND CONVENIENCE,Voice Control
COMFORT AND CONVENIENCE,Steering Wheel Gearshift Paddles
COMFORT AND CONVENIENCE,USB Charger-Front
COMFORT AND CONVENIENCE,USB Charger-Rear
COMFORT AND CONVENIENCE,Central Console Armrest-With Storage
COMFORT AND CONVENIENCE,Tailgate Ajar
COMFORT AND CONVENIENCE,Hands-Free Tailgate
COMFORT AND CONVENIENCE,Gear Shift Indicator
COMFORT AND CONVENIENCE,Rear side window curtain
COMFORT AND CONVENIENCE,Luggage Hook & Net
COMFORT AND CONVENIENCE,Battery Saver
COMFORT AND CONVENIENCE,Lane Change Indicator
COMFORT AND CONVENIENCE,Fully Automatic Temperature Control (FATC) Heating
COMFORT AND CONVENIENCE,Tool kit and Car Jack
COMFORT AND CONVENIENCE,One Touch Operating Power -Drivers Window
COMFORT AND CONVENIENCE,Co Drive Sunvisor
COMFORT AND CONVENIENCE,Assist Grips (Co - Dr. + Rear)
COMFORT AND CONVENIENCE,Ticket Holder
COMFORT AND CONVENIENCE,Map Pocket
COMFORT AND CONVENIENCE,Rear Parcel Tray/Shelf
COMFORT AND CONVENIENCE,Co-Driver Side Front Seat Under Tray
COMFORT AND CONVENIENCE,Electromagnetic Back Door Opener
COMFORT AND CONVENIENCE,Rear Back Pocket
COMFORT AND CONVENIENCE,Footrest
COMFORT AND CONVENIENCE,Nissan Connect Control and Convenience
COMFORT AND CONVENIENCE,Lead Me To Car
COMFORT AND CONVENIENCE,Speed Sensing Volume Compensation (5 Celectable Levels)
COMFORT AND CONVENIENCE,Driver Side Dead Pedal
COMFORT AND CONVENIENCE,Foldable Rear Seat Backrest
COMFORT AND CONVENIENCE,Sunglass Holder
COMFORT AND CONVENIENCE,Clutch Footrest
COMFORT AND CONVENIENCE,Eco Holder/Guide
COMFORT AND CONVENIENCE,Smart Pedal
COMFORT AND CONVENIENCE,Power Windows Timelag
COMFORT AND CONVENIENCE,Illumination Driver Side
COMFORT AND CONVENIENCE,Power Windows Auto Up-Down
COMFORT AND CONVENIENCE,Theatre Dimming Central Room Lamp
COMFORT AND CONVENIENCE,Front Map Lamp
COMFORT AND CONVENIENCE,Second Power Outlet
COMFORT AND CONVENIENCE,Front Passenger Seat Back Pocket
COMFORT AND CONVENIENCE,"Eco Coating Technology,"
COMFORT AND CONVENIENCE,One-touch turn indicator
COMFORT AND CONVENIENCE,Battery Monitor Sensor
COMFORT AND CONVENIENCE,"Multiple Information Display-MID (Display Of Travelling Time,Immediate Consumption, Average Consumption, Travel Distance Before Refuelling, Distance Travelled Average Speed, Speed, Warning Speed)"
COMFORT AND CONVENIENCE,Collapsible Grab Handles
COMFORT AND CONVENIENCE,Collapsible Rear Sun Curtain(SUNSHADE)
COMFORT AND CONVENIENCE,Audio and Bluetooth Controls on Steering Wheel
COMFORT AND CONVENIENCE,Door Open indicator Exact
COMFORT AND CONVENIENCE,Foot Level Rear Air Circulation
COMFORT AND CONVENIENCE,Smart Power Windows
COMFORT AND CONVENIENCE,Fire Prevention System
COMFORT AND CONVENIENCE,Dead Pedal (Left Foot)
COMFORT AND CONVENIENCE,Rear Seat Flip & Fold
COMFORT AND CONVENIENCE,"Dust,Odour & Pollen Filter"
COMFORT AND CONVENIENCE,Rear Sunshade
COMFORT AND CONVENIENCE,Sliding Tambour Door
COMFORT AND CONVENIENCE,Umbrella Holder-Wet case
COMFORT AND CONVENIENCE,"In Front Doors
Wallet Holder/Card Holder"
COMFORT AND CONVENIENCE,Manual Tip Tronic Mode
COMFORT AND CONVENIENCE,High Solar Energy Absorbing Front Windshield With Infrared CUT Off
COMFORT AND CONVENIENCE,Forward And Reverse Creep Function
COMFORT AND CONVENIENCE,Kick Down Feature For HyprDrive SSG
COMFORT AND CONVENIENCE,Fast Off Feature For HyprDrive SSG
COMFORT AND CONVENIENCE,Anti Stall Feature For HyprDrive SSG
COMFORT AND CONVENIENCE,Wearable PEPS Key
COMFORT AND CONVENIENCE,HyprDrive Self-Shift Gears (SSG)
COMFORT AND CONVENIENCE,Desmodronic Foldable Key
COMFORT AND CONVENIENCE,3rd Row 50:50 Split Backrest
COMFORT AND CONVENIENCE,Removable 3rd Row Seat
COMFORT AND CONVENIENCE,Battery Discharge Prevention
COMFORT AND CONVENIENCE,Rotational Grab Handles with Damped Fold-back Motion 3
COMFORT AND CONVENIENCE,Coat Hanger
COMFORT AND CONVENIENCE,Sunblinds(2nd Row)
COMFORT AND CONVENIENCE,Torque on Demand 4x4
COMFORT AND CONVENIENCE,Tata Smart Manual App
COMFORT AND CONVENIENCE,Speed Dependent Volume Control
COMFORT AND CONVENIENCE,Electrical Rear Glass Demister
COMFORT AND CONVENIENCE,AC vents with Satin/Chrome/Silver Liner
COMFORT AND CONVENIENCE,Terrain Response Modes
COMFORT AND CONVENIENCE,Electric / Electronic Parking Brake
COMFORT AND CONVENIENCE,Front Pocket Lighting
COMFORT AND CONVENIENCE,Retractable Screen For Rear Windscreen
COMFORT AND CONVENIENCE,Three Programmable Memory Settings
COMFORT AND CONVENIENCE,Auto Tilt On Reverse Gear Selection
COMFORT AND CONVENIENCE,Bounce Back System
COMFORT AND CONVENIENCE,Six Load Anchoring Points In Luggage Compartment
COMFORT AND CONVENIENCE,Slippery & Off-road Drive Modes
COMFORT AND CONVENIENCE,Mirror Package
COMFORT AND CONVENIENCE,Airmatic Package
COMFORT AND CONVENIENCE,LED Fuel Gauge
COMFORT AND CONVENIENCE,LED Temperature Gauge
COMFORT AND CONVENIENCE,Front Sun Visors
COMFORT AND CONVENIENCE,Chrome Trim On Storage Compartment Lids On Front Console
COMFORT AND CONVENIENCE,Cool Brushed Decor On Front Centre Console
COMFORT AND CONVENIENCE,Parktronic Speakers
COMFORT AND CONVENIENCE,Two Remote Control Opening And Closing Of Windows
COMFORT AND CONVENIENCE,Storage Compartment Under The Steering Wheel/Seat
COMFORT AND CONVENIENCE,Touch Tumble
COMFORT AND CONVENIENCE,Jam Protection On Power Window And Driver Window
COMFORT AND CONVENIENCE,Clearance And Back Soner
COMFORT AND CONVENIENCE,Pitch Bounce Control
COMFORT AND CONVENIENCE,Expanded Shoulder Support For Front Seats
COMFORT AND CONVENIENCE,Cool Brushed Decor OnDoor Panels
COMFORT AND CONVENIENCE,Roll Up Sun Visor For Rear Windows And Windscreen
COMFORT AND CONVENIENCE,Umbrella With One Touch Operation
COMFORT AND CONVENIENCE,Wet Case
COMFORT AND CONVENIENCE,Eco Assist TM Ambient Meter
COMFORT AND CONVENIENCE,Illumination Cooling
COMFORT AND CONVENIENCE,One-touch Easy Space-Up with Recline
COMFORT AND CONVENIENCE,Roller Blinds For The Rear Side Windows
COMFORT AND CONVENIENCE,Double Floor
COMFORT AND CONVENIENCE,Virtual Pedal
COMFORT AND CONVENIENCE,Electrically-Controlled 5th Door
COMFORT AND CONVENIENCE,Air Vents In The B-Pillar
COMFORT AND CONVENIENCE,Powered Captain Seats in @2n Row
COMFORT AND CONVENIENCE,Lavish Seats with Power Recline
COMFORT AND CONVENIENCE,Comfort Access System
COMFORT AND CONVENIENCE,Dynamic Damper Control
COMFORT AND CONVENIENCE,Touchpad With Handwriting Recognition
COMFORT AND CONVENIENCE,Touchpad With Haptic feedback
COMFORT AND CONVENIENCE,Powered Sliding Doors
COMFORT AND CONVENIENCE,Pilot Assist
COMFORT AND CONVENIENCE,Electrical Sun Curtain Rear Windscreen
COMFORT AND CONVENIENCE,Laminated Windows
INTERIOR,Tachometer
INTERIOR,Electronic Multi-Tripmeter
INTERIOR,Leather Seats
INTERIOR,Fabric Upholstery
INTERIOR,Leather Steering Wheel
INTERIOR,Leather Wrapped Gearshift Knob
INTERIOR,Glove Compartment
INTERIOR,Digital Clock
INTERIOR,Outside Temperature Display
INTERIOR,Cigarette Lighter
INTERIOR,Digital Odometer
INTERIOR,Electric Adjustable Seats-Front
INTERIOR,Electric Adjustable Seats-Rear
INTERIOR,Driving Experience Control Eco
INTERIOR,Folding Table in The Rear
INTERIOR,Height Adjustable Driver Seat
INTERIOR,Ventilated Seats
INTERIOR,Dual Tone Interiors
INTERIOR,Dual Tone Dashboard & Interiors
INTERIOR,Tablet Storage In Glove Box
INTERIOR,Ambient Lighting
INTERIOR,Illumination Colour Amber
INTERIOR,Urethene Steering Wheel
INTERIOR,Instrument Cluster Meter Theme
INTERIOR,Accent On AC Louvers
INTERIOR,Drive Computer
INTERIOR,Piano Black Interiors
INTERIOR,Orange Finishers And Orange Seat Stitches
INTERIOR,Aluminium Pedal Cluster
INTERIOR,"Centre Console
Monochrome MFD"
INTERIOR,High Quality Scratch Resistant Dashboard
INTERIOR,Chrome Interior Accents/Finish
INTERIOR,Black and Grey Interior Theme
INTERIOR,Seat Fabric Splendor and Leatherette Bolster
INTERIOR,Metal Finish Inside Door Handles
INTERIOR,Metal Finish Parking Lever Tip
INTERIOR,Sporty Aluminium Pedals
INTERIOR,IC Light Adjustment (Rheostat)
INTERIOR,D-Cut Steering Wheel
INTERIOR,Metal/Fabric Insert On Steering Wheel
INTERIOR,Champagne Gold Interior Color Garnish
INTERIOR,Chrome Finish On AC Louver Knobs
INTERIOR,Chrome Tipped Parking Brake Lever
INTERIOR,Water Temparature Indicator
INTERIOR,Audible Headlight On Reminder
INTERIOR,Techno Effect Accent
INTERIOR,Sculpted Dashboard With Wooden Finish
INTERIOR,Satin Plating Finish in interior
INTERIOR,Layered Three Tone dash board
INTERIOR,Layered Three Tone door trim
INTERIOR,Optitron Meter
INTERIOR,2 Tone Interior With Waterfall Design Instrumental Panel
INTERIOR,Interior Deco Accents Anodized Rouge Passion Or Blue Pacifique
INTERIOR,Interior Deco Accents Anodized Rouge Passion Or Blue Pacifique
INTERIOR,Twin Pod Instrument Panel with Chrome Ring
INTERIOR,Storage Recess Above Centere Stack
INTERIOR,Soft touch Dashboard/ IP
INTERIOR,ICO Indicator
INTERIOR,Metallic Scuff Plates 
INTERIOR,Master Light Switch
INTERIOR,Illumination Glove Box
INTERIOR,Etios Cross Badging On Front Seats
INTERIOR,Aero Throttle' Styled Piano Black Parking Brake
INTERIOR,Signature Oak Brown Interior Colour Scheme
INTERIOR,Premium Oak Wood Finish Dashboard
INTERIOR,Premium Benecke-KalikoTM Oak Brown Perforated Leather Seat 
INTERIOR,8 Way Power Driver Seat
INTERIOR,Driver Seat With Three Programmable Memory Functions
INTERIOR,Illuminated Driver and Passenger Sun Visor
INTERIOR,Display With Ntg 5X1
INTERIOR,Illuminated Entry System With Ignition+Room+Foot
INTERIOR,Door Courtesy lamp
INTERIOR,Metal Film Accent Panel
INTERIOR,Time Winter Tyres
INTERIOR,Language Units
INTERIOR,Alternate Speed Display
INTERIOR,Tourist Lights
INTERIOR,"Service Interval
Two Foldable Roof Handles At front And Rear"
INTERIOR,Side Molding In Body Colour
INTERIOR,Jumbo Box
INTERIOR,Upper Storage Compartment
INTERIOR,Lower Storage Compartment
INTERIOR,Analogue Clock
INTERIOR,Interior with new generation flat bottom steering wheel
INTERIOR,Anthracite open-pore oak wood trim elements
INTERIOR,64 color Ambient lighting
INTERIOR,Lighting For Door Pocket
INTERIOR,Driver's Information System
INTERIOR,Headlining in Cloth
INTERIOR,"Walnut, Dark Brown Interior Lighting"
INTERIOR,Front and Rear Door Sill Trims With Aluminium Inlays Interior Mirror
INTERIOR,Ash Tray
INTERIOR,Premium Textile Floor Mats and All Weather Floor Mats
INTERIOR,Leather/Artificial Leather Combination
INTERIOR,Titanium Gray Headliner
INTERIOR,Standard Seats
INTERIOR,Inlays in Aluminium Rhombus
INTERIOR,Velour Floor Mats
INTERIOR,Glove Box Lamp
INTERIOR,Gesture Control
INTERIOR,Open Pore Brown Ash Wood Trim
INTERIOR,Two Electric Roller Sunblind
INTERIOR,Illuminated door sill with brand lettering
INTERIOR,Mood Lighting in Inner Door handles
INTERIOR,Glove Box with Laptop Holder
EXTERIOR,Adjustable Headlights
EXTERIOR,Fog Lights - Front
EXTERIOR,Fog Lights - Rear
EXTERIOR,Power Adjustable Exterior Rear View Mirror
EXTERIOR,Manually Adjustable Ext. Rear View Mirror
EXTERIOR,Electric Folding Rear View Mirror
EXTERIOR,Rain Sensing Wiper
EXTERIOR,Rear Window Wiper
EXTERIOR,Rear Window Washer
EXTERIOR,Rear Window Defogger
EXTERIOR,Wheel Covers
EXTERIOR,Alloy Wheel
EXTERIOR,Power Antenna
EXTERIOR,Tinted Glass
EXTERIOR,Rear Spoiler
EXTERIOR,Removable/Convertible Top
EXTERIOR,Roof Carrier
EXTERIOR,Sun Roof
EXTERIOR,Moon Roof
EXTERIOR,Side foot step
EXTERIOR,Outside Rear View Mirror Turn Indicators
EXTERIOR,Intergrated Antenna
EXTERIOR,Chrome Grille
EXTERIOR,Chrome Garnish
EXTERIOR,Dual Tone Body Colour
EXTERIOR,Smoke Headlamps
EXTERIOR,Halogen Headlamps
EXTERIOR,Projector Headlamps
EXTERIOR,Projector Foglamps
EXTERIOR,Cornering Headlamps
EXTERIOR,Cornering Foglamps
EXTERIOR,Headlight Washer
EXTERIOR,Roof Rail
EXTERIOR,LED DRLs
EXTERIOR,LED Headlights/Headlamps
EXTERIOR,LED Light Guides
EXTERIOR,LED Taillights/Taillamps
EXTERIOR,LED Fog Lamps
EXTERIOR,Rain Sensing Driving Lights
EXTERIOR,Approach Lights
EXTERIOR,Trunk Opener-Lever
EXTERIOR,Trunk Opener-Remote
EXTERIOR,Trunk Opener-Smart
EXTERIOR,Heated Wing Mirror
EXTERIOR,Tyre Size
EXTERIOR,Tyre Type-Tubless
EXTERIOR,Tyre Type-Radial
EXTERIOR,Tyre Type-Runflat
EXTERIOR,Center Wheel Cap
EXTERIOR,B- Pillar Black Out tape
EXTERIOR,Body Coloured Door Handles
EXTERIOR,Body Coloured Bumper
EXTERIOR,Body Coloured ORVMs
EXTERIOR,Body Coloured Back Door Garnish
EXTERIOR,Roof Bars Black
EXTERIOR,Rear LED Combination Lamp
EXTERIOR,Chrome Bonnent Finisher With STROME
EXTERIOR,Outside Mirror Type Pivot
EXTERIOR,LED Stop Lamp
EXTERIOR,Outside Door Mirror Body Colour
EXTERIOR,Body Coloured Outside Rear View Mirror
EXTERIOR,Floating Roof Design
EXTERIOR,Split Rear Combination Lamp
EXTERIOR,Chrome Plated Outside Door /Door Handles
EXTERIOR,Chrome Front Fog Lamp
EXTERIOR,Finisher/nChrome Front Lower Grille
EXTERIOR,Black Sash Tape On B Piller
EXTERIOR,Tie Down Bar Body Coloured
EXTERIOR,Spare Wheel Underfloor Spare Wheel
EXTERIOR,Front Wipers 7 Speed
EXTERIOR,Variable Intermittent Wiper
EXTERIOR,Front And Rear Sporty Bumper
EXTERIOR,Boomerang Shaped Tail Lamps
EXTERIOR,High Mount Stop Light/Lamp
EXTERIOR,4-Pod Design Headlamps With Chrome and Black Bezel
EXTERIOR,Protection Under Engine (Skid Plates)
EXTERIOR,Rear Glass Washer With Jet Built
EXTERIOR,3D effect Tail Lamps
EXTERIOR,Chrome Tipped Exhaust Pipe
EXTERIOR,Chrome Strip On Rear Bumper
EXTERIOR,"Air Dam Detailing in Chrome
Chrome Applique on Door Handles"
EXTERIOR,Galvanised Body With 6 years 
EXTERIOR,Anti-Corrosion Warranty
EXTERIOR,Dual Tone Front & Rear Bumper
EXTERIOR,Rear Roof Spoiler with HMSL
EXTERIOR,Body Cladding on The Side and Wheel Arch
EXTERIOR,C Pillar Black Finish
EXTERIOR,Sweptback Headlamps & Wraparound Tail lamps
EXTERIOR,Satin Chrome  roof rails
EXTERIOR,Satin Chrome Door side sill
EXTERIOR,Everest Diamond Cut Alloy Wheels
EXTERIOR,Dual Tone Roof
EXTERIOR,Premium Rear Combination Lamp
EXTERIOR,Dual Parabola Headlamp
EXTERIOR,Raindeer Headlamp
EXTERIOR,Functional Roof Rack
EXTERIOR,LED Signature Lamps
EXTERIOR,Anti Perforation Warranty
EXTERIOR,Body Coloured Mud Flaps
EXTERIOR,Rear License Plate LED Lamps
EXTERIOR,Laurin And Klement Insciption Fender
EXTERIOR,Side Beltline and Rear X-Factor
EXTERIOR,Aerodynamically Optimised Light Alloy Wheels
EXTERIOR,Aluminium Look illuminated Running Boards
EXTERIOR,Belt line Trim Strip And Trim Strip On Side Skirt In Chrome Look
EXTERIOR,Two-Pipe Exhaust System With Two Integral
EXTERIOR,Panoramic Electric Sunroof With Bounce Back System
EXTERIOR,Elongated Bonnet
EXTERIOR,Dusk Sensing Headlamps
EXTERIOR,Aero Stabilising Fins on ORVM Base
EXTERIOR,A Simulated Under guard In Bucket Tooth Design With Silver Chrome In The Front Bumper
EXTERIOR,Power domes On The Bonnet 
EXTERIOR,LED tail lights with crystal look
EXTERIOR,Urban Package
EXTERIOR,Rear Combination Lamp With LED Brake Light
EXTERIOR,Tilt and Slid Moonroof
EXTERIOR,Rain Sensing Driving Lights
EXTERIOR,"""AMG bodystyling consists of AMG front apron with sporty air intakes and chrome trim elemenT"
EXTERIOR,Low-beam headlamp light and activated cornering light
EXTERIOR,AMG diffuser-look rear apron with insert in black and AMG side sill panels
EXTERIOR,Nanoe Ion Generator For Enhacend Comfort and Freshness
EXTERIOR,Windscreen Cleaning System
EXTERIOR,High Gloss Package
EXTERIOR,Heated Insulting Glass
EXTERIOR,Auto kerb Side Function
EXTERIOR,Memory Function Exterior Mirror
EXTERIOR,Front bumper with Spoiler Blade
EXTERIOR,5 Twin Spoke Dynamic Design
EXTERIOR,Headlight Cleaning System
EXTERIOR,Pop-up Roof
EXTERIOR,TITANIUM EXHAUST
EXTERIOR,Molded Heat Resistant Undercover
EXTERIOR,Heat Protection Glazing
EXTERIOR,Rear Diffuser
EXTERIOR,Chrome-Plated Twin Exhaust Tailpipe Trim
EXTERIOR,Bonnet Scoop
EXTERIOR,Aeroblade Rear Wiper
EXTERIOR,LED Eyebrows
EXTERIOR,Red Lens LED Tail Lamps
SAFETY,Anti-Lock Braking System
SAFETY,Brake Assist
SAFETY,Central Locking
SAFETY,Power Door Locks
SAFETY,Child Safety Locks
SAFETY,Anti-Theft Alarm
SAFETY,No of Airbags
SAFETY,Driver Airbag
SAFETY,Passenger Airbag
SAFETY,Side Airbag-Front
SAFETY,Side Airbag-Rear
SAFETY,Day & Night Rear View Mirror
SAFETY,Passenger Side Rear View Mirror
SAFETY,Xenon Headlamps
SAFETY,Rear Seat Belts
SAFETY,Seat Belt Warning
SAFETY,Door Ajar Warning
SAFETY,Side Impact Beams
SAFETY,Front Impact Beams
SAFETY,Traction Control
SAFETY,Adjustable Seats
SAFETY,Tyre Pressure Monitor
SAFETY,Vehicle Stability Control System
SAFETY,Engine Immobilizer
SAFETY,Crash Sensor
SAFETY,Centrally Mounted Fuel Tank
SAFETY,Engine Check Warning
SAFETY,Automatic Headlamps
SAFETY,Clutch Lock
SAFETY,EBD
SAFETY,Eletronic Stability Control
SAFETY,Pedestrian Protection
SAFETY,Headlamp/Headlight On Warning
SAFETY,Headlight Levelling
SAFETY,Dual Horn
SAFETY,Key Remove Warning Indicator
SAFETY,Nissan Connect Safety and Security
SAFETY,Anti Intrusion Brake Pedal
SAFETY,Emergency exit
SAFETY,Floating Code
SAFETY,Curtain Airbag
SAFETY,Smart Pedal
SAFETY,Advanced Supervision Display
SAFETY,Service Reminder
SAFETY,Rear View Camera Display on AVN
SAFETY,Escort Function Headlamps
SAFETY,Steering Position Reminder
SAFETY,Corner Stability Control
SAFETY,Auto Unlock Function
SAFETY,Parking Assist
SAFETY,Emergency Stop/Brake Signal
SAFETY,Fire Extinguisher
SAFETY,Engine Drag torque Control
SAFETY,Rapid deceleration warning
SAFETY,Speed limiter Eco Guide
SAFETY,Ford My Key
SAFETY,Active Rollover Prevention
SAFETY,Electrochromic Inner Rear View
SAFETY,ACE Body Struture
SAFETY,Double Crank Prevention System
SAFETY,Iobilizer With Rolling Code
SAFETY,Suzuki TECT Body
SAFETY,Pedal Release System
SAFETY,Brake Energy Regeneration
SAFETY,Torque Assist During Acceleration
SAFETY,Auto Dimming IRVM
SAFETY,Graphine Body Structure
SAFETY,Aspheric Glass In Outside Mirror
SAFETY,Puddle Lamps
SAFETY,Walk Away Lock
SAFETY,Safe Clutch Start
SAFETY,RR Seat belt ELR Type
SAFETY,Tata Smart Remote App
SAFETY,Flip Key
SAFETY,"Crumple Zones, Ultrasonic Reverse Guide System"
SAFETY,Indicator Flash Adjustment
SAFETY,Electro Chromic Mirror (ECM)
SAFETY,Downhill Brake Control (DBC) 
SAFETY,IGN Key Interlock System
SAFETY,Electronic Shift Lock System
SAFETY,Agile Handling Assist
SAFETY,AFS (Adaptive Frontlight System)
SAFETY,ASR (Anti Slip Regulation)+MSR (Motor Speed Regulation)
SAFETY,EDL (Electronic Differential Lock)
SAFETY,MKB (Multi Collision Braking)
SAFETY,Underbody Protective Cover
SAFETY,Rough Road Package
SAFETY,Acoustic Warning Signal For Overrun Speed
SAFETY,High Level Third Brake Light
SAFETY,Dual Tone Warning Horn
SAFETY,Emergency Triangle In The Luggage Compartment
SAFETY,IBuzz Fatigue Alert
SAFETY,Active Globe Box
SAFETY,Mercedes Benz Intelligent Drive
SAFETY,PRE SAFE Anticipatory Occupant Protection System
SAFETY,Interior Motion Sensor for Alarm
SAFETY,Inclination Sensor For Alarm
SAFETY,Lock Cylinder Glove Box
SAFETY,Key Remote Control Inscription
SAFETY,Leather Clad Private Locking
SAFETY,Center Lock Switch With Diode In Front And Rear Doors
SAFETY,InFlatable Curtains
SAFETY,Whiplash Protection front Seats
SAFETY,"EBL Flashing Brake Light And Hazard Warning, High Positioned Rear Brake Lights"
SAFETY,Road side Information
SAFETY,Cross Traffic Alert
SAFETY,Impact Sensing Fuel Cut
SAFETY,Auto Anti-Glare Mirror (EC Mirror)
SAFETY,Wirless Door Lock With Jack Knif Key
SAFETY,Goa Body
SAFETY,Bi-Xenon / HID Headlamps
SAFETY,radar-based collision mitigation braking with steering assist 
SAFETY, Blue Efficiency
SAFETY,Attention Assist
SAFETY,Lamp Failure Indicator
SAFETY,QR code stickers for post-accident rescue
SAFETY,Electronic Stabilisation Control (ESC)
SAFETY,Wheel Selective Torque Distribution
SAFETY,Space Saving Spare Wheel
SAFETY,Anti-theft Wheel Bolts
SAFETY,Stainless Steel Loading Edge Protection
SAFETY,Adaptive Lambda Control
SAFETY,Speed Sensing Power Steering
SAFETY,Static Bending Headlamps
SAFETY,Collapsible Steering Column & Side Instrusion Beams
SAFETY,Follow Me Home Headlamps
SAFETY,Rear Camera
SAFETY,Anti-Theft Device
SAFETY,Anti-Pinch Power Windows-Driver's Window
SAFETY,Speed Alert
SAFETY,Speed Sensing Auto Door Lock
SAFETY,Knee Airbags
SAFETY,ISOFIX Child Seat Mounts
SAFETY,Head-Up Display
SAFETY,Pretensioners & Force Limiter Seatbelts
SAFETY,Emergency Assistance/SOS
SAFETY,Lane Watch Camera
SAFETY,Blind Spot Monitor
SAFETY,Geo-fence Alert
SAFETY,Hill Descent Control
SAFETY,Hill Assist
SAFETY,Impact Sensing Auto Door Unlock
SAFETY,360 View Camera
SAFETY,Panaromic View Monitor
SAFETY,Trailer Sway Control
SAFETY,Electronic Roll Mitigation
SAFETY,Roll stability Control
SAFETY,Intrusion sensor
SAFETY,Adjustable speed limiter device
SAFETY,Intelligent Light System
SAFETY,Adaptive High beam Assist
ENTERTAINMENT AND COMMUNICATION,Cd Player
ENTERTAINMENT AND COMMUNICATION,CD Changer
ENTERTAINMENT AND COMMUNICATION,DVD Player
ENTERTAINMENT AND COMMUNICATION,Radio
ENTERTAINMENT AND COMMUNICATION,Audio System Remote Control
ENTERTAINMENT AND COMMUNICATION,Speakers Front
ENTERTAINMENT AND COMMUNICATION,Speakers Rear
ENTERTAINMENT AND COMMUNICATION,Integrated 2DIN Audio
ENTERTAINMENT AND COMMUNICATION,Wireless Phone Charging
ENTERTAINMENT AND COMMUNICATION,USB & Auxiliary input
ENTERTAINMENT AND COMMUNICATION,Bluetooth Connectivity
ENTERTAINMENT AND COMMUNICATION,Wi-Fi Connectivity
ENTERTAINMENT AND COMMUNICATION,Compass
ENTERTAINMENT AND COMMUNICATION,Touch Screen
ENTERTAINMENT AND COMMUNICATION,Touch Screen size(Inch)
ENTERTAINMENT AND COMMUNICATION,Android Auto
ENTERTAINMENT AND COMMUNICATION,Apple CarPlay
ENTERTAINMENT AND COMMUNICATION,Mirror Link
ENTERTAINMENT AND COMMUNICATION,Internal Storage/SD Card Reader
ENTERTAINMENT AND COMMUNICATION,HDMI Input
ENTERTAINMENT AND COMMUNICATION,No of Speakers
ENTERTAINMENT AND COMMUNICATION,Ice blue graphic instrument
ENTERTAINMENT AND COMMUNICATION,Rear Entertainment System
ENTERTAINMENT AND COMMUNICATION,Tweeters
ENTERTAINMENT AND COMMUNICATION,Mahindra Bluesense App
ENTERTAINMENT AND COMMUNICATION,Audio Visual Navigation with Phone Mirroring
ENTERTAINMENT AND COMMUNICATION,Phonebook sync
ENTERTAINMENT AND COMMUNICATION,SMS viewer
ENTERTAINMENT AND COMMUNICATION,i-POD connectivity
ENTERTAINMENT AND COMMUNICATION,AutoLink (Connected Car Technology)
ENTERTAINMENT AND COMMUNICATION,i-Blue (Audio Remote Application)
ENTERTAINMENT AND COMMUNICATION,Instrument Cluster 
ENTERTAINMENT AND COMMUNICATION,Connectnext App
ENTERTAINMENT AND COMMUNICATION,DisplayImage And Video Playback
ENTERTAINMENT AND COMMUNICATION,Weblink
ENTERTAINMENT AND COMMUNICATION,Miracast
ENTERTAINMENT AND COMMUNICATION,BLUELINK
ENTERTAINMENT AND COMMUNICATION,IPS Seamless Display
ENTERTAINMENT AND COMMUNICATION,Arkamys Music System
ENTERTAINMENT AND COMMUNICATION,Juke Car App
ENTERTAINMENT AND COMMUNICATION,Inbuilt Gaana App
ENTERTAINMENT AND COMMUNICATION,Preloaded Entertainment Content By MG
ENTERTAINMENT AND COMMUNICATION,SmartLink Smartphone Mirroring
ENTERTAINMENT AND COMMUNICATION,Canton Sound System
ENTERTAINMENT AND COMMUNICATION,AHA Platform
ENTERTAINMENT AND COMMUNICATION,Media Coand App
ENTERTAINMENT AND COMMUNICATION,UVO Support
ENTERTAINMENT AND COMMUNICATION,Flick And Drag Function
ENTERTAINMENT AND COMMUNICATION,Sub-Woofer Power Amplifier
ENTERTAINMENT AND COMMUNICATION,JBL Audio System With Clari-Fi Technology
ENTERTAINMENT AND COMMUNICATION,MMI Navigation Plus with MMI Touch
ENTERTAINMENT AND COMMUNICATION,Smartphone Interface
ENTERTAINMENT AND COMMUNICATION,"3D Map Representation With Display Of Lots Of Sightseeing Information and City Models Detailed Route Information,Map Preview, Choice of Alternative Routes, Lane Recommendations, Motorway Exits, Detailed Junction Maps"
ENTERTAINMENT AND COMMUNICATION,Premium Sound Audio By Bowers And Wikins
ENTERTAINMENT AND COMMUNICATION,Garmin Map Pilot w 3D User Interface
ENTERTAINMENT AND COMMUNICATION,Smartphone Integration Package
